subject_nr,response_time_reproduction,context,exp_dur
0,1145,0,[short_dur]
0,366,0,[long_dur]
0,1267,0,[short_dur]
0,709,0,[long_dur]
0,1180,0,[short_dur]
0,581,0,[long_dur]
0,681,0,[long_dur]
0,789,0,[long_dur]
0,827,0,[long_dur]
0,1274,0,[short_dur]
0,1205,0,[short_dur]
0,1337,0,[short_dur]
0,656,0,[long_dur]
0,1270,0,[short_dur]
0,1154,0,[short_dur]
0,1237,0,[short_dur]
0,494,0,[long_dur]
0,449,0,[long_dur]
0,567,0,[long_dur]
0,1334,0,[short_dur]
0,1093,long,[long_dur]
0,673,long,[short_dur]
0,1267,long,[short_dur]
0,1436,long,[long_dur]
0,1148,long,[short_dur]
0,1184,long,[long_dur]
0,1387,long,[long_dur]
0,1260,long,[long_dur]
0,1298,long,[long_dur]
0,1063,long,[short_dur]
0,1005,long,[short_dur]
0,1318,long,[long_dur]
0,1165,long,[short_dur]
0,1122,long,[short_dur]
0,1165,long,[short_dur]
0,1373,long,[long_dur]
0,1103,long,[short_dur]
0,865,long,[short_dur]
0,980,long,[long_dur]
0,2013,long,[long_dur]
0,2794,long,[short_dur]
0,1864,long,[short_dur]
0,1098,long,[short_dur]
0,931,long,[short_dur]
0,1047,long,[short_dur]
0,1188,long,[long_dur]
0,1286,long,[long_dur]
0,1478,long,[long_dur]
0,1300,long,[long_dur]
0,1441,long,[long_dur]
0,1352,long,[long_dur]
0,1283,long,[short_dur]
0,1079,long,[short_dur]
0,1026,long,[long_dur]
0,1299,long,[long_dur]
0,1468,long,[long_dur]
0,1336,long,[long_dur]
0,1356,long,[short_dur]
0,1212,long,[short_dur]
0,1338,long,[long_dur]
0,1292,long,[short_dur]
0,987,long,[short_dur]
0,1312,long,[long_dur]
0,1238,long,[long_dur]
0,1424,long,[long_dur]
0,1366,long,[long_dur]
0,1004,long,[short_dur]
0,1446,long,[long_dur]
0,1442,long,[short_dur]
0,1168,long,[short_dur]
0,1343,long,[short_dur]
0,1575,long,[long_dur]
0,1077,long,[short_dur]
0,1352,long,[short_dur]
0,1425,long,[short_dur]
0,2492,long,[short_dur]
0,1292,long,[long_dur]
0,1037,long,[short_dur]
0,1201,long,[long_dur]
0,1239,long,[long_dur]
0,1019,short,[long_dur]
0,589,short,[short_dur]
0,1194,short,[long_dur]
0,1102,short,[long_dur]
0,863,short,[short_dur]
0,741,short,[short_dur]
0,633,short,[short_dur]
0,1050,short,[long_dur]
0,905,short,[long_dur]
0,670,short,[short_dur]
0,746,short,[long_dur]
0,1091,short,[short_dur]
0,1048,short,[long_dur]
0,1118,short,[short_dur]
0,978,short,[short_dur]
0,731,short,[short_dur]
0,1187,short,[long_dur]
0,1022,short,[short_dur]
0,881,short,[long_dur]
0,1118,short,[long_dur]
0,1152,short,[long_dur]
0,1000,short,[short_dur]
0,1073,short,[long_dur]
0,782,short,[short_dur]
0,981,short,[long_dur]
0,1182,short,[long_dur]
0,990,short,[short_dur]
0,909,short,[long_dur]
0,1020,short,[short_dur]
0,1226,short,[short_dur]
0,985,short,[short_dur]
0,938,short,[short_dur]
0,1049,short,[long_dur]
0,1202,short,[short_dur]
0,1093,short,[long_dur]
0,1065,short,[long_dur]
0,1377,short,[long_dur]
0,810,short,[short_dur]
0,938,short,[long_dur]
0,1174,short,[long_dur]
0,1066,short,[long_dur]
0,1141,short,[long_dur]
0,728,short,[short_dur]
0,1103,short,[long_dur]
0,857,short,[short_dur]
0,958,short,[short_dur]
0,599,short,[short_dur]
0,763,short,[short_dur]
0,758,short,[short_dur]
0,811,short,[long_dur]
0,743,short,[short_dur]
0,764,short,[short_dur]
0,1170,short,[long_dur]
0,1154,short,[long_dur]
0,1058,short,[long_dur]
0,908,short,[short_dur]
0,997,short,[long_dur]
0,704,short,[short_dur]
0,833,short,[long_dur]
0,888,short,[short_dur]
1,1501,0,[short_dur]
1,757,0,[long_dur]
1,515,0,[long_dur]
1,1330,0,[long_dur]
1,461,0,[long_dur]
1,1227,0,[short_dur]
1,355,0,[long_dur]
1,1269,0,[short_dur]
1,735,0,[long_dur]
1,529,0,[long_dur]
1,1435,0,[short_dur]
1,1179,0,[short_dur]
1,1475,0,[short_dur]
1,1203,0,[short_dur]
1,291,0,[long_dur]
1,1242,0,[long_dur]
1,1507,0,[short_dur]
1,399,0,[long_dur]
1,1317,0,[short_dur]
1,1365,0,[short_dur]
1,866,long,[short_dur]
1,934,long,[short_dur]
1,854,long,[short_dur]
1,755,long,[short_dur]
1,1032,long,[short_dur]
1,901,long,[short_dur]
1,1505,long,[long_dur]
1,1219,long,[long_dur]
1,937,long,[short_dur]
1,1400,long,[long_dur]
1,1404,long,[long_dur]
1,1338,long,[long_dur]
1,1404,long,[long_dur]
1,788,long,[short_dur]
1,1599,long,[long_dur]
1,806,long,[short_dur]
1,1413,long,[long_dur]
1,1598,long,[long_dur]
1,1169,long,[long_dur]
1,1282,long,[short_dur]
1,1670,long,[long_dur]
1,909,long,[short_dur]
1,1431,long,[long_dur]
1,1184,long,[short_dur]
1,1027,long,[short_dur]
1,1423,long,[long_dur]
1,1523,long,[long_dur]
1,1126,long,[short_dur]
1,915,long,[short_dur]
1,1621,long,[long_dur]
1,799,long,[short_dur]
1,1087,long,[short_dur]
1,725,long,[short_dur]
1,1392,long,[long_dur]
1,1162,long,[short_dur]
1,775,long,[short_dur]
1,1282,long,[short_dur]
1,1446,long,[long_dur]
1,1370,long,[long_dur]
1,1188,long,[long_dur]
1,800,long,[short_dur]
1,1517,long,[long_dur]
1,1441,long,[short_dur]
1,1228,long,[short_dur]
1,1260,long,[long_dur]
1,1362,long,[long_dur]
1,1419,long,[long_dur]
1,974,long,[short_dur]
1,1046,long,[short_dur]
1,1407,long,[short_dur]
1,1409,long,[long_dur]
1,1349,long,[short_dur]
1,1468,long,[long_dur]
1,1373,long,[long_dur]
1,1117,long,[short_dur]
1,1471,long,[long_dur]
1,1515,long,[short_dur]
1,1678,long,[long_dur]
1,1568,long,[long_dur]
1,2098,long,[long_dur]
1,594,short,[short_dur]
1,532,short,[short_dur]
1,791,short,[long_dur]
1,727,short,[short_dur]
1,931,short,[long_dur]
1,698,short,[short_dur]
1,763,short,[short_dur]
1,994,short,[long_dur]
1,1160,short,[short_dur]
1,1321,short,[long_dur]
1,999,short,[short_dur]
1,798,short,[short_dur]
1,1297,short,[long_dur]
1,882,short,[short_dur]
1,1051,short,[short_dur]
1,1235,short,[long_dur]
1,1459,short,[long_dur]
1,1022,short,[short_dur]
1,1215,short,[long_dur]
1,1039,short,[long_dur]
1,1338,short,[long_dur]
1,833,short,[short_dur]
1,1120,short,[long_dur]
1,1020,short,[short_dur]
1,848,short,[short_dur]
1,1046,short,[long_dur]
1,976,short,[long_dur]
1,1253,short,[long_dur]
1,1096,short,[long_dur]
1,826,short,[short_dur]
1,517,short,[short_dur]
1,576,short,[long_dur]
1,775,short,[long_dur]
1,729,short,[short_dur]
1,943,short,[long_dur]
1,706,short,[short_dur]
1,722,short,[long_dur]
1,639,short,[short_dur]
1,704,short,[short_dur]
1,719,short,[long_dur]
1,814,short,[long_dur]
1,1048,short,[long_dur]
1,1266,short,[long_dur]
1,1306,short,[long_dur]
1,1372,short,[long_dur]
1,1435,short,[long_dur]
1,1151,short,[short_dur]
1,998,short,[short_dur]
1,801,short,[short_dur]
1,892,short,[long_dur]
1,884,short,[short_dur]
1,798,short,[short_dur]
1,824,short,[long_dur]
1,767,short,[long_dur]
1,731,short,[short_dur]
1,883,short,[short_dur]
1,1228,short,[long_dur]
1,956,short,[short_dur]
1,798,short,[short_dur]
1,752,short,[short_dur]
2,1809,0,[short_dur]
2,1296,0,[long_dur]
2,592,0,[long_dur]
2,702,0,[long_dur]
2,975,0,[short_dur]
2,1051,0,[short_dur]
2,1013,0,[short_dur]
2,1410,0,[short_dur]
2,1698,0,[short_dur]
2,1098,0,[long_dur]
2,1254,0,[short_dur]
2,1098,0,[long_dur]
2,1194,0,[short_dur]
2,908,0,[long_dur]
2,689,0,[long_dur]
2,1043,0,[long_dur]
2,1036,0,[short_dur]
2,1300,0,[short_dur]
2,1286,0,[long_dur]
2,1104,0,[long_dur]
2,940,long,[short_dur]
2,974,long,[short_dur]
2,900,long,[long_dur]
2,885,long,[long_dur]
2,1164,long,[long_dur]
2,1143,long,[short_dur]
2,1067,long,[short_dur]
2,1160,long,[short_dur]
2,1152,long,[long_dur]
2,933,long,[short_dur]
2,832,long,[long_dur]
2,1161,long,[short_dur]
2,1314,long,[long_dur]
2,1264,long,[short_dur]
2,1281,long,[long_dur]
2,947,long,[short_dur]
2,1300,long,[long_dur]
2,1439,long,[long_dur]
2,1165,long,[long_dur]
2,1265,long,[long_dur]
2,949,long,[short_dur]
2,1125,long,[long_dur]
2,485,long,[short_dur]
2,696,long,[short_dur]
2,1228,long,[long_dur]
2,1259,long,[short_dur]
2,1080,long,[long_dur]
2,1144,long,[long_dur]
2,927,long,[short_dur]
2,1202,long,[short_dur]
2,908,long,[short_dur]
2,1019,long,[long_dur]
2,1191,long,[long_dur]
2,721,long,[short_dur]
2,1301,long,[long_dur]
2,1321,long,[short_dur]
2,1046,long,[long_dur]
2,1385,long,[long_dur]
2,1361,long,[short_dur]
2,1359,long,[short_dur]
2,1097,long,[long_dur]
2,1201,long,[short_dur]
2,1029,long,[short_dur]
2,1209,long,[long_dur]
2,1106,long,[long_dur]
2,1458,long,[long_dur]
2,1297,long,[short_dur]
2,1066,long,[short_dur]
2,1118,long,[long_dur]
2,1059,long,[long_dur]
2,1044,long,[long_dur]
2,905,long,[long_dur]
2,1172,long,[long_dur]
2,929,long,[short_dur]
2,872,long,[long_dur]
2,1064,long,[short_dur]
2,838,long,[short_dur]
2,1004,long,[short_dur]
2,882,long,[short_dur]
2,1232,long,[short_dur]
2,859,short,[short_dur]
2,1541,short,[long_dur]
2,954,short,[long_dur]
2,840,short,[short_dur]
2,844,short,[long_dur]
2,1001,short,[long_dur]
2,809,short,[long_dur]
2,839,short,[long_dur]
2,694,short,[short_dur]
2,1000,short,[short_dur]
2,1056,short,[short_dur]
2,578,short,[short_dur]
2,657,short,[short_dur]
2,747,short,[long_dur]
2,844,short,[short_dur]
2,980,short,[long_dur]
2,1045,short,[long_dur]
2,926,short,[short_dur]
2,872,short,[short_dur]
2,705,short,[short_dur]
2,702,short,[short_dur]
2,755,short,[long_dur]
2,931,short,[long_dur]
2,685,short,[long_dur]
2,895,short,[long_dur]
2,910,short,[short_dur]
2,918,short,[short_dur]
2,740,short,[short_dur]
2,772,short,[long_dur]
2,629,short,[long_dur]
2,761,short,[long_dur]
2,1857,short,[long_dur]
2,1689,short,[short_dur]
2,948,short,[short_dur]
2,842,short,[long_dur]
2,1032,short,[long_dur]
2,1207,short,[short_dur]
2,1155,short,[long_dur]
2,864,short,[long_dur]
2,641,short,[short_dur]
2,710,short,[long_dur]
2,1069,short,[long_dur]
2,1027,short,[short_dur]
2,812,short,[long_dur]
2,811,short,[long_dur]
2,1302,short,[short_dur]
2,763,short,[short_dur]
2,1063,short,[short_dur]
2,111,short,[short_dur]
2,1385,short,[short_dur]
2,1599,short,[long_dur]
2,853,short,[short_dur]
2,930,short,[long_dur]
2,1055,short,[short_dur]
2,1017,short,[short_dur]
2,940,short,[short_dur]
2,887,short,[long_dur]
2,781,short,[long_dur]
2,1083,short,[long_dur]
2,1085,short,[short_dur]
3,1209,0,[long_dur]
3,1485,0,[short_dur]
3,1439,0,[short_dur]
3,293,0,[long_dur]
3,1094,0,[short_dur]
3,1441,0,[short_dur]
3,1666,0,[short_dur]
3,345,0,[long_dur]
3,731,0,[long_dur]
3,1052,0,[short_dur]
3,1424,0,[short_dur]
3,475,0,[long_dur]
3,483,0,[long_dur]
3,716,0,[long_dur]
3,1588,0,[short_dur]
3,411,0,[long_dur]
3,430,0,[long_dur]
3,437,0,[long_dur]
3,744,0,[short_dur]
3,1254,0,[short_dur]
3,387,long,[short_dur]
3,623,long,[short_dur]
3,1109,long,[long_dur]
3,557,long,[short_dur]
3,1131,long,[long_dur]
3,846,long,[long_dur]
3,1456,long,[long_dur]
3,1416,long,[long_dur]
3,850,long,[long_dur]
3,665,long,[short_dur]
3,403,long,[long_dur]
3,28,long,[short_dur]
3,124,long,[short_dur]
3,45,long,[long_dur]
3,150,long,[short_dur]
3,772,long,[long_dur]
3,895,long,[short_dur]
3,938,long,[short_dur]
3,1230,long,[long_dur]
3,1025,long,[short_dur]
3,1521,long,[long_dur]
3,1177,long,[long_dur]
3,921,long,[short_dur]
3,552,long,[long_dur]
3,1093,long,[long_dur]
3,1039,long,[short_dur]
3,1194,long,[long_dur]
3,589,long,[short_dur]
3,803,long,[short_dur]
3,783,long,[short_dur]
3,620,long,[long_dur]
3,68,long,[short_dur]
3,1336,long,[long_dur]
3,657,long,[short_dur]
3,36,long,[long_dur]
3,952,long,[long_dur]
3,1409,long,[short_dur]
3,1097,long,[long_dur]
3,1119,long,[short_dur]
3,852,long,[short_dur]
3,1556,long,[long_dur]
3,994,long,[long_dur]
3,1350,long,[short_dur]
3,925,long,[long_dur]
3,1022,long,[short_dur]
3,1135,long,[long_dur]
3,744,long,[short_dur]
3,982,long,[long_dur]
3,781,long,[short_dur]
3,1079,long,[long_dur]
3,846,long,[short_dur]
3,879,long,[short_dur]
3,507,long,[long_dur]
3,1275,long,[short_dur]
3,1020,long,[short_dur]
3,1094,long,[long_dur]
3,1177,long,[long_dur]
3,1107,long,[short_dur]
3,924,long,[short_dur]
3,1277,long,[long_dur]
3,678,short,[short_dur]
3,606,short,[short_dur]
3,965,short,[long_dur]
3,805,short,[short_dur]
3,971,short,[long_dur]
3,763,short,[short_dur]
3,927,short,[long_dur]
3,668,short,[short_dur]
3,1590,short,[short_dur]
3,1335,short,[long_dur]
3,1420,short,[long_dur]
3,334,short,[short_dur]
3,395,short,[long_dur]
3,289,short,[long_dur]
3,101,short,[long_dur]
3,332,short,[short_dur]
3,107,short,[long_dur]
3,26,short,[long_dur]
3,20,short,[short_dur]
3,3,short,[short_dur]
3,19,short,[short_dur]
3,624,short,[long_dur]
3,780,short,[long_dur]
3,425,short,[short_dur]
3,813,short,[short_dur]
3,375,short,[long_dur]
3,17,short,[long_dur]
3,11,short,[short_dur]
3,17,short,[short_dur]
3,30,short,[long_dur]
3,22,short,[long_dur]
3,7,short,[short_dur]
3,2065,short,[short_dur]
3,690,short,[long_dur]
3,921,short,[short_dur]
3,2820,short,[long_dur]
3,441,short,[short_dur]
3,1027,short,[long_dur]
3,649,short,[short_dur]
3,896,short,[long_dur]
3,803,short,[long_dur]
3,692,short,[long_dur]
3,548,short,[short_dur]
3,1176,short,[long_dur]
3,707,short,[short_dur]
3,656,short,[short_dur]
3,467,short,[short_dur]
3,892,short,[long_dur]
3,1100,short,[long_dur]
3,947,short,[long_dur]
3,11,short,[short_dur]
3,8,short,[short_dur]
3,4,short,[long_dur]
3,18,short,[short_dur]
3,12,short,[long_dur]
3,20,short,[long_dur]
3,53,short,[long_dur]
3,1155,short,[short_dur]
3,499,short,[short_dur]
3,18,short,[short_dur]
4,889,0,[short_dur]
4,911,0,[short_dur]
4,750,0,[long_dur]
4,611,0,[long_dur]
4,949,0,[short_dur]
4,845,0,[short_dur]
4,864,0,[long_dur]
4,842,0,[short_dur]
4,866,0,[short_dur]
4,431,0,[long_dur]
4,439,0,[long_dur]
4,357,0,[short_dur]
4,678,0,[long_dur]
4,732,0,[short_dur]
4,949,0,[short_dur]
4,711,0,[long_dur]
4,861,0,[long_dur]
4,389,0,[long_dur]
4,739,0,[short_dur]
4,805,0,[long_dur]
4,888,long,[short_dur]
4,788,long,[short_dur]
4,883,long,[long_dur]
4,726,long,[long_dur]
4,890,long,[short_dur]
4,856,long,[long_dur]
4,708,long,[short_dur]
4,816,long,[long_dur]
4,866,long,[long_dur]
4,964,long,[short_dur]
4,1100,long,[long_dur]
4,657,long,[long_dur]
4,806,long,[short_dur]
4,659,long,[long_dur]
4,867,long,[short_dur]
4,571,long,[short_dur]
4,648,long,[long_dur]
4,463,long,[long_dur]
4,910,long,[short_dur]
4,708,long,[short_dur]
4,782,long,[long_dur]
4,465,long,[short_dur]
4,931,long,[long_dur]
4,699,long,[short_dur]
4,556,long,[short_dur]
4,847,long,[long_dur]
4,792,long,[short_dur]
4,920,long,[long_dur]
4,796,long,[long_dur]
4,745,long,[short_dur]
4,752,long,[short_dur]
4,542,long,[short_dur]
4,766,long,[long_dur]
4,920,long,[short_dur]
4,928,long,[short_dur]
4,575,long,[short_dur]
4,841,long,[short_dur]
4,739,long,[long_dur]
4,504,long,[long_dur]
4,621,long,[long_dur]
4,799,long,[long_dur]
4,775,long,[long_dur]
4,854,long,[short_dur]
4,510,long,[long_dur]
4,562,long,[short_dur]
4,427,long,[long_dur]
4,732,long,[long_dur]
4,427,long,[long_dur]
4,565,long,[short_dur]
4,614,long,[short_dur]
4,641,long,[long_dur]
4,446,long,[short_dur]
4,365,long,[short_dur]
4,969,long,[long_dur]
4,422,long,[short_dur]
4,519,long,[long_dur]
4,842,long,[short_dur]
4,550,long,[long_dur]
4,764,long,[short_dur]
4,1091,long,[long_dur]
4,881,short,[long_dur]
4,600,short,[short_dur]
4,647,short,[long_dur]
4,667,short,[long_dur]
4,537,short,[long_dur]
4,478,short,[long_dur]
4,427,short,[long_dur]
4,39,short,[long_dur]
4,630,short,[long_dur]
4,809,short,[long_dur]
4,743,short,[long_dur]
4,682,short,[short_dur]
4,468,short,[short_dur]
4,691,short,[short_dur]
4,597,short,[short_dur]
4,801,short,[long_dur]
4,876,short,[short_dur]
4,919,short,[short_dur]
4,583,short,[short_dur]
4,780,short,[long_dur]
4,552,short,[long_dur]
4,698,short,[long_dur]
4,494,short,[short_dur]
4,461,short,[short_dur]
4,655,short,[short_dur]
4,537,short,[short_dur]
4,528,short,[short_dur]
4,1029,short,[short_dur]
4,693,short,[short_dur]
4,645,short,[long_dur]
4,670,short,[short_dur]
4,521,short,[short_dur]
4,503,short,[long_dur]
4,494,short,[long_dur]
4,769,short,[long_dur]
4,780,short,[short_dur]
4,627,short,[long_dur]
4,728,short,[long_dur]
4,818,short,[short_dur]
4,604,short,[short_dur]
4,645,short,[long_dur]
4,458,short,[long_dur]
4,760,short,[long_dur]
4,601,short,[long_dur]
4,833,short,[short_dur]
4,687,short,[short_dur]
4,629,short,[long_dur]
4,422,short,[long_dur]
4,230,short,[short_dur]
4,414,short,[long_dur]
4,319,short,[long_dur]
4,474,short,[long_dur]
4,504,short,[short_dur]
4,512,short,[short_dur]
4,849,short,[long_dur]
4,516,short,[short_dur]
4,91,short,[short_dur]
4,718,short,[short_dur]
4,865,short,[short_dur]
4,582,short,[short_dur]
5,1581,0,[short_dur]
5,750,0,[long_dur]
5,1270,0,[short_dur]
5,327,0,[long_dur]
5,1314,0,[short_dur]
5,1570,0,[short_dur]
5,1257,0,[short_dur]
5,2299,0,[long_dur]
5,1525,0,[short_dur]
5,404,0,[long_dur]
5,696,0,[long_dur]
5,1352,0,[short_dur]
5,583,0,[long_dur]
5,384,0,[long_dur]
5,1115,0,[short_dur]
5,701,0,[long_dur]
5,1281,0,[short_dur]
5,431,0,[long_dur]
5,889,0,[short_dur]
5,463,0,[long_dur]
5,859,long,[short_dur]
5,897,long,[short_dur]
5,735,long,[short_dur]
5,1274,long,[long_dur]
5,922,long,[short_dur]
5,1516,long,[long_dur]
5,980,long,[long_dur]
5,862,long,[short_dur]
5,1222,long,[long_dur]
5,841,long,[short_dur]
5,994,long,[short_dur]
5,1262,long,[long_dur]
5,735,long,[short_dur]
5,1385,long,[long_dur]
5,905,long,[long_dur]
5,1314,long,[long_dur]
5,1079,long,[short_dur]
5,731,long,[short_dur]
5,940,long,[short_dur]
5,553,long,[short_dur]
5,851,long,[long_dur]
5,1467,long,[long_dur]
5,969,long,[short_dur]
5,792,long,[short_dur]
5,1077,long,[long_dur]
5,1193,long,[long_dur]
5,1291,long,[long_dur]
5,997,long,[long_dur]
5,744,long,[short_dur]
5,1437,long,[long_dur]
5,2279,long,[long_dur]
5,1242,long,[short_dur]
5,1340,long,[long_dur]
5,1117,long,[long_dur]
5,872,long,[long_dur]
5,1028,long,[long_dur]
5,1316,long,[short_dur]
5,1048,long,[short_dur]
5,703,long,[short_dur]
5,1174,long,[long_dur]
5,683,long,[short_dur]
5,1116,long,[short_dur]
5,661,long,[long_dur]
5,1010,long,[long_dur]
5,128,long,[short_dur]
5,718,long,[short_dur]
5,1181,long,[long_dur]
5,130,long,[long_dur]
5,1207,long,[short_dur]
5,1425,long,[long_dur]
5,2069,long,[long_dur]
5,1669,long,[long_dur]
5,1367,long,[long_dur]
5,1180,long,[short_dur]
5,1481,long,[short_dur]
5,597,long,[short_dur]
5,983,long,[long_dur]
5,1082,long,[short_dur]
5,1141,long,[short_dur]
5,1526,long,[short_dur]
5,1270,short,[long_dur]
5,633,short,[short_dur]
5,594,short,[short_dur]
5,1245,short,[long_dur]
5,801,short,[short_dur]
5,1108,short,[short_dur]
5,797,short,[long_dur]
5,553,short,[short_dur]
5,856,short,[short_dur]
5,922,short,[long_dur]
5,760,short,[short_dur]
5,717,short,[short_dur]
5,898,short,[long_dur]
5,995,short,[long_dur]
5,757,short,[long_dur]
5,1316,short,[short_dur]
5,681,short,[short_dur]
5,739,short,[short_dur]
5,664,short,[short_dur]
5,819,short,[long_dur]
5,585,short,[long_dur]
5,857,short,[short_dur]
5,1000,short,[long_dur]
5,1033,short,[long_dur]
5,422,short,[short_dur]
5,898,short,[long_dur]
5,550,short,[long_dur]
5,343,short,[short_dur]
5,740,short,[long_dur]
5,621,short,[long_dur]
5,858,short,[short_dur]
5,801,short,[long_dur]
5,691,short,[short_dur]
5,1040,short,[long_dur]
5,970,short,[short_dur]
5,728,short,[short_dur]
5,818,short,[long_dur]
5,584,short,[long_dur]
5,863,short,[short_dur]
5,885,short,[short_dur]
5,870,short,[long_dur]
5,847,short,[short_dur]
5,960,short,[long_dur]
5,211,short,[long_dur]
5,789,short,[short_dur]
5,1116,short,[long_dur]
5,938,short,[short_dur]
5,1440,short,[short_dur]
5,1801,short,[short_dur]
5,307,short,[short_dur]
5,1031,short,[long_dur]
5,1001,short,[short_dur]
5,1087,short,[long_dur]
5,662,short,[long_dur]
5,957,short,[long_dur]
5,742,short,[short_dur]
5,609,short,[long_dur]
5,939,short,[long_dur]
5,469,short,[long_dur]
5,689,short,[short_dur]
6,951,0,[long_dur]
6,1391,0,[short_dur]
6,26,0,[long_dur]
6,536,0,[long_dur]
6,403,0,[long_dur]
6,290,0,[long_dur]
6,225,0,[short_dur]
6,1413,0,[short_dur]
6,1110,0,[short_dur]
6,67,0,[short_dur]
6,1045,0,[short_dur]
6,232,0,[short_dur]
6,1065,0,[short_dur]
6,1232,0,[short_dur]
6,592,0,[long_dur]
6,768,0,[long_dur]
6,453,0,[long_dur]
6,546,0,[long_dur]
6,1408,0,[short_dur]
6,427,0,[long_dur]
6,969,long,[short_dur]
6,1059,long,[long_dur]
6,931,long,[long_dur]
6,608,long,[short_dur]
6,942,long,[short_dur]
6,858,long,[short_dur]
6,943,long,[long_dur]
6,746,long,[short_dur]
6,1105,long,[short_dur]
6,755,long,[short_dur]
6,1171,long,[long_dur]
6,286,long,[long_dur]
6,1173,long,[long_dur]
6,920,long,[long_dur]
6,1094,long,[long_dur]
6,733,long,[short_dur]
6,949,long,[short_dur]
6,908,long,[short_dur]
6,789,long,[short_dur]
6,505,long,[short_dur]
6,1112,long,[long_dur]
6,1383,long,[long_dur]
6,993,long,[long_dur]
6,402,long,[short_dur]
6,781,long,[short_dur]
6,1029,long,[long_dur]
6,942,long,[long_dur]
6,713,long,[short_dur]
6,1181,long,[long_dur]
6,1525,long,[long_dur]
6,1166,long,[long_dur]
6,1091,long,[long_dur]
6,780,long,[short_dur]
6,699,long,[long_dur]
6,1063,long,[short_dur]
6,1314,long,[long_dur]
6,888,long,[short_dur]
6,1044,long,[long_dur]
6,1454,long,[long_dur]
6,700,long,[long_dur]
6,1430,long,[long_dur]
6,826,long,[short_dur]
6,1036,long,[long_dur]
6,467,long,[long_dur]
6,750,long,[short_dur]
6,644,long,[short_dur]
6,744,long,[short_dur]
6,425,long,[long_dur]
6,1143,long,[long_dur]
6,1062,long,[short_dur]
6,874,long,[short_dur]
6,818,long,[long_dur]
6,861,long,[short_dur]
6,1488,long,[long_dur]
6,1013,long,[short_dur]
6,694,long,[short_dur]
6,1096,long,[short_dur]
6,1008,long,[short_dur]
6,971,long,[long_dur]
6,616,long,[short_dur]
6,712,short,[long_dur]
6,1098,short,[short_dur]
6,1115,short,[short_dur]
6,555,short,[short_dur]
6,74,short,[short_dur]
6,1024,short,[short_dur]
6,346,short,[long_dur]
6,1186,short,[long_dur]
6,680,short,[short_dur]
6,586,short,[short_dur]
6,753,short,[short_dur]
6,1100,short,[long_dur]
6,889,short,[long_dur]
6,564,short,[short_dur]
6,572,short,[short_dur]
6,868,short,[long_dur]
6,740,short,[short_dur]
6,811,short,[long_dur]
6,664,short,[short_dur]
6,525,short,[short_dur]
6,481,short,[short_dur]
6,775,short,[long_dur]
6,630,short,[long_dur]
6,636,short,[short_dur]
6,256,short,[long_dur]
6,787,short,[long_dur]
6,976,short,[long_dur]
6,938,short,[long_dur]
6,1188,short,[long_dur]
6,1110,short,[long_dur]
6,679,short,[short_dur]
6,1130,short,[long_dur]
6,696,short,[short_dur]
6,871,short,[long_dur]
6,774,short,[short_dur]
6,929,short,[long_dur]
6,1027,short,[long_dur]
6,815,short,[short_dur]
6,974,short,[long_dur]
6,1126,short,[short_dur]
6,833,short,[long_dur]
6,1077,short,[short_dur]
6,1228,short,[short_dur]
6,107,short,[short_dur]
6,1315,short,[short_dur]
6,991,short,[short_dur]
6,833,short,[short_dur]
6,936,short,[long_dur]
6,959,short,[short_dur]
6,1344,short,[short_dur]
6,1303,short,[long_dur]
6,1266,short,[long_dur]
6,1149,short,[long_dur]
6,1060,short,[long_dur]
6,1837,short,[long_dur]
6,874,short,[long_dur]
6,683,short,[short_dur]
6,890,short,[long_dur]
6,1056,short,[long_dur]
6,951,short,[short_dur]
7,508,0,[short_dur]
7,24,0,[long_dur]
7,636,0,[long_dur]
7,201,0,[short_dur]
7,384,0,[short_dur]
7,624,0,[short_dur]
7,118,0,[long_dur]
7,812,0,[long_dur]
7,12,0,[long_dur]
7,410,0,[short_dur]
7,1137,0,[short_dur]
7,1612,0,[short_dur]
7,415,0,[long_dur]
7,665,0,[long_dur]
7,933,0,[short_dur]
7,1160,0,[long_dur]
7,1212,0,[short_dur]
7,1280,0,[short_dur]
7,473,0,[long_dur]
7,650,0,[long_dur]
7,976,long,[short_dur]
7,141,long,[short_dur]
7,523,long,[short_dur]
7,630,long,[short_dur]
7,1053,long,[long_dur]
7,1071,long,[long_dur]
7,1061,long,[long_dur]
7,260,long,[short_dur]
7,934,long,[long_dur]
7,777,long,[short_dur]
7,952,long,[long_dur]
7,1156,long,[long_dur]
7,1140,long,[long_dur]
7,1074,long,[long_dur]
7,1088,long,[long_dur]
7,3937,long,[short_dur]
7,963,long,[short_dur]
7,901,long,[short_dur]
7,1163,long,[short_dur]
7,963,long,[short_dur]
7,792,long,[short_dur]
7,1158,long,[long_dur]
7,1123,long,[long_dur]
7,844,long,[long_dur]
7,1130,long,[long_dur]
7,1048,long,[short_dur]
7,972,long,[short_dur]
7,1870,long,[long_dur]
7,1528,long,[short_dur]
7,971,long,[long_dur]
7,1161,long,[long_dur]
7,988,long,[long_dur]
7,1298,long,[long_dur]
7,1104,long,[long_dur]
7,949,long,[short_dur]
7,1177,long,[long_dur]
7,1031,long,[long_dur]
7,930,long,[short_dur]
7,1075,long,[long_dur]
7,556,long,[short_dur]
7,1035,long,[short_dur]
7,836,long,[short_dur]
7,745,long,[short_dur]
7,1099,long,[long_dur]
7,1008,long,[short_dur]
7,1308,long,[long_dur]
7,1041,long,[long_dur]
7,1925,long,[short_dur]
7,811,long,[short_dur]
7,1363,long,[long_dur]
7,1550,long,[long_dur]
7,1288,long,[short_dur]
7,785,long,[short_dur]
7,1257,long,[long_dur]
7,1509,long,[long_dur]
7,1571,long,[long_dur]
7,528,long,[short_dur]
7,787,long,[short_dur]
7,167,long,[short_dur]
7,1165,long,[short_dur]
7,809,short,[short_dur]
7,1038,short,[long_dur]
7,1207,short,[short_dur]
7,633,short,[short_dur]
7,2018,short,[short_dur]
7,584,short,[short_dur]
7,1003,short,[long_dur]
7,1218,short,[short_dur]
7,1066,short,[long_dur]
7,1079,short,[long_dur]
7,562,short,[short_dur]
7,655,short,[long_dur]
7,1090,short,[short_dur]
7,1240,short,[short_dur]
7,1710,short,[long_dur]
7,5696,short,[long_dur]
7,1463,short,[long_dur]
7,1106,short,[long_dur]
7,3286,short,[long_dur]
7,903,short,[short_dur]
7,799,short,[long_dur]
7,575,short,[short_dur]
7,791,short,[short_dur]
7,935,short,[long_dur]
7,8325,short,[short_dur]
7,1409,short,[short_dur]
7,863,short,[long_dur]
7,1099,short,[short_dur]
7,1180,short,[long_dur]
7,908,short,[long_dur]
7,1132,short,[short_dur]
7,767,short,[short_dur]
7,716,short,[short_dur]
7,828,short,[long_dur]
7,451,short,[short_dur]
7,1029,short,[long_dur]
7,924,short,[long_dur]
7,1226,short,[long_dur]
7,1014,short,[short_dur]
7,622,short,[short_dur]
7,862,short,[long_dur]
7,871,short,[short_dur]
7,2061,short,[long_dur]
7,1834,short,[long_dur]
7,2087,short,[long_dur]
7,1032,short,[long_dur]
7,2015,short,[short_dur]
7,740,short,[short_dur]
7,878,short,[short_dur]
7,521,short,[short_dur]
7,782,short,[long_dur]
7,857,short,[short_dur]
7,960,short,[short_dur]
7,655,short,[short_dur]
7,1188,short,[long_dur]
7,948,short,[long_dur]
7,1130,short,[long_dur]
7,761,short,[short_dur]
7,454,short,[long_dur]
7,2218,short,[long_dur]
8,4912,0,[short_dur]
8,1291,0,[short_dur]
8,1293,0,[short_dur]
8,1126,0,[short_dur]
8,1607,0,[short_dur]
8,878,0,[long_dur]
8,1096,0,[long_dur]
8,572,0,[long_dur]
8,2571,0,[long_dur]
8,1362,0,[long_dur]
8,709,0,[long_dur]
8,1807,0,[long_dur]
8,1216,0,[short_dur]
8,839,0,[long_dur]
8,376,0,[short_dur]
8,1128,0,[short_dur]
8,916,0,[long_dur]
8,1156,0,[short_dur]
8,1372,0,[short_dur]
8,538,0,[long_dur]
8,141,long,[long_dur]
8,974,long,[short_dur]
8,1039,long,[short_dur]
8,1086,long,[short_dur]
8,1300,long,[long_dur]
8,1042,long,[short_dur]
8,969,long,[short_dur]
8,949,long,[short_dur]
8,1042,long,[short_dur]
8,1050,long,[long_dur]
8,790,long,[long_dur]
8,1174,long,[long_dur]
8,521,long,[short_dur]
8,506,long,[short_dur]
8,745,long,[long_dur]
8,587,long,[short_dur]
8,929,long,[long_dur]
8,113,long,[long_dur]
8,896,long,[long_dur]
8,971,long,[short_dur]
8,875,long,[short_dur]
8,84,long,[short_dur]
8,913,long,[long_dur]
8,690,long,[long_dur]
8,2039,long,[long_dur]
8,1729,long,[long_dur]
8,3017,long,[short_dur]
8,991,long,[short_dur]
8,1441,long,[long_dur]
8,482,long,[long_dur]
8,709,long,[long_dur]
8,572,long,[long_dur]
8,1022,long,[short_dur]
8,112,long,[long_dur]
8,1036,long,[short_dur]
8,1055,long,[long_dur]
8,1209,long,[long_dur]
8,1804,long,[short_dur]
8,1280,long,[long_dur]
8,1270,long,[short_dur]
8,1084,long,[short_dur]
8,1233,long,[short_dur]
8,1993,long,[short_dur]
8,1232,long,[long_dur]
8,1737,long,[long_dur]
8,1463,long,[long_dur]
8,1167,long,[short_dur]
8,1199,long,[short_dur]
8,1419,long,[long_dur]
8,1206,long,[long_dur]
8,973,long,[long_dur]
8,1239,long,[long_dur]
8,1749,long,[short_dur]
8,1166,long,[short_dur]
8,1216,long,[long_dur]
8,890,long,[short_dur]
8,1221,long,[short_dur]
8,1017,long,[long_dur]
8,929,long,[short_dur]
8,1059,long,[short_dur]
8,1048,short,[long_dur]
8,421,short,[short_dur]
8,947,short,[long_dur]
8,800,short,[long_dur]
8,670,short,[short_dur]
8,1404,short,[short_dur]
8,1293,short,[short_dur]
8,1108,short,[short_dur]
8,1030,short,[long_dur]
8,691,short,[short_dur]
8,1108,short,[long_dur]
8,804,short,[short_dur]
8,935,short,[short_dur]
8,1325,short,[long_dur]
8,555,short,[short_dur]
8,1241,short,[long_dur]
8,547,short,[short_dur]
8,1316,short,[short_dur]
8,1005,short,[short_dur]
8,908,short,[short_dur]
8,725,short,[long_dur]
8,841,short,[long_dur]
8,2405,short,[long_dur]
8,938,short,[long_dur]
8,2690,short,[short_dur]
8,1812,short,[long_dur]
8,1343,short,[long_dur]
8,1212,short,[short_dur]
8,1431,short,[long_dur]
8,1226,short,[long_dur]
8,104,short,[short_dur]
8,550,short,[short_dur]
8,149,short,[short_dur]
8,648,short,[short_dur]
8,287,short,[long_dur]
8,522,short,[short_dur]
8,324,short,[short_dur]
8,260,short,[short_dur]
8,477,short,[long_dur]
8,798,short,[long_dur]
8,141,short,[long_dur]
8,310,short,[long_dur]
8,224,short,[short_dur]
8,1811,short,[long_dur]
8,421,short,[short_dur]
8,27,short,[short_dur]
8,755,short,[long_dur]
8,1363,short,[long_dur]
8,2004,short,[long_dur]
8,2459,short,[long_dur]
8,2536,short,[short_dur]
8,514,short,[short_dur]
8,1433,short,[long_dur]
8,283,short,[long_dur]
8,995,short,[long_dur]
8,551,short,[short_dur]
8,1343,short,[long_dur]
8,76,short,[short_dur]
8,1063,short,[long_dur]
8,2076,short,[short_dur]
9,181,0,[long_dur]
9,697,0,[short_dur]
9,4428,0,[long_dur]
9,1168,0,[short_dur]
9,1649,0,[short_dur]
9,675,0,[long_dur]
9,454,0,[long_dur]
9,1173,0,[long_dur]
9,421,0,[short_dur]
9,883,0,[long_dur]
9,971,0,[long_dur]
9,780,0,[long_dur]
9,349,0,[short_dur]
9,1002,0,[long_dur]
9,478,0,[short_dur]
9,795,0,[short_dur]
9,1282,0,[short_dur]
9,1124,0,[short_dur]
9,914,0,[short_dur]
9,1060,0,[long_dur]
9,530,long,[short_dur]
9,1227,long,[long_dur]
9,1211,long,[short_dur]
9,951,long,[long_dur]
9,1170,long,[long_dur]
9,761,long,[short_dur]
9,1168,long,[long_dur]
9,1198,long,[short_dur]
9,684,long,[short_dur]
9,1294,long,[short_dur]
9,1186,long,[short_dur]
9,1034,long,[long_dur]
9,1144,long,[long_dur]
9,1351,long,[long_dur]
9,1361,long,[long_dur]
9,1337,long,[short_dur]
9,1505,long,[long_dur]
9,1077,long,[short_dur]
9,685,long,[short_dur]
9,1354,long,[long_dur]
9,1361,long,[short_dur]
9,913,long,[long_dur]
9,1118,long,[short_dur]
9,1075,long,[long_dur]
9,1007,long,[long_dur]
9,1167,long,[long_dur]
9,929,long,[short_dur]
9,834,long,[short_dur]
9,986,long,[long_dur]
9,771,long,[short_dur]
9,2614,long,[short_dur]
9,1436,long,[long_dur]
9,1016,long,[long_dur]
9,1118,long,[short_dur]
9,1454,long,[long_dur]
9,1094,long,[long_dur]
9,388,long,[long_dur]
9,843,long,[short_dur]
9,1218,long,[short_dur]
9,250,long,[long_dur]
9,954,long,[long_dur]
9,1199,long,[long_dur]
9,848,long,[long_dur]
9,1256,long,[short_dur]
9,1093,long,[short_dur]
9,1063,long,[short_dur]
9,1057,long,[long_dur]
9,1125,long,[short_dur]
9,1256,long,[long_dur]
9,864,long,[long_dur]
9,993,long,[long_dur]
9,946,long,[short_dur]
9,756,long,[short_dur]
9,1107,long,[short_dur]
9,555,long,[long_dur]
9,639,long,[short_dur]
9,1043,long,[short_dur]
9,1031,long,[short_dur]
9,1107,long,[short_dur]
9,740,long,[long_dur]
9,1131,short,[long_dur]
9,990,short,[long_dur]
9,976,short,[short_dur]
9,546,short,[short_dur]
9,1201,short,[short_dur]
9,552,short,[long_dur]
9,1099,short,[long_dur]
9,812,short,[short_dur]
9,926,short,[short_dur]
9,984,short,[long_dur]
9,1098,short,[short_dur]
9,932,short,[long_dur]
9,1218,short,[long_dur]
9,867,short,[short_dur]
9,984,short,[long_dur]
9,1027,short,[long_dur]
9,737,short,[short_dur]
9,930,short,[long_dur]
9,1119,short,[long_dur]
9,376,short,[long_dur]
9,1127,short,[short_dur]
9,1187,short,[short_dur]
9,1057,short,[short_dur]
9,1055,short,[short_dur]
9,846,short,[long_dur]
9,1325,short,[short_dur]
9,930,short,[long_dur]
9,991,short,[long_dur]
9,908,short,[short_dur]
9,1059,short,[short_dur]
9,968,short,[short_dur]
9,950,short,[long_dur]
9,1169,short,[short_dur]
9,930,short,[long_dur]
9,944,short,[long_dur]
9,979,short,[short_dur]
9,1070,short,[long_dur]
9,883,short,[short_dur]
9,1007,short,[short_dur]
9,803,short,[long_dur]
9,1320,short,[long_dur]
9,854,short,[long_dur]
9,827,short,[long_dur]
9,889,short,[long_dur]
9,1163,short,[long_dur]
9,977,short,[long_dur]
9,1045,short,[short_dur]
9,1305,short,[short_dur]
9,781,short,[short_dur]
9,1362,short,[short_dur]
9,1095,short,[short_dur]
9,1130,short,[short_dur]
9,1406,short,[long_dur]
9,1123,short,[short_dur]
9,908,short,[long_dur]
9,868,short,[long_dur]
9,1206,short,[short_dur]
9,943,short,[short_dur]
9,1242,short,[short_dur]
9,906,short,[long_dur]
10,128,0,[long_dur]
10,1293,0,[short_dur]
10,1353,0,[long_dur]
10,1470,0,[short_dur]
10,1180,0,[long_dur]
10,1229,0,[short_dur]
10,1023,0,[long_dur]
10,1430,0,[short_dur]
10,1327,0,[short_dur]
10,1443,0,[short_dur]
10,1249,0,[long_dur]
10,1082,0,[short_dur]
10,1206,0,[long_dur]
10,1533,0,[short_dur]
10,1094,0,[long_dur]
10,1244,0,[long_dur]
10,935,0,[long_dur]
10,1378,0,[short_dur]
10,1668,0,[short_dur]
10,1095,0,[long_dur]
10,931,long,[short_dur]
10,1089,long,[short_dur]
10,1149,long,[short_dur]
10,1348,long,[short_dur]
10,1689,long,[long_dur]
10,1482,long,[long_dur]
10,1390,long,[long_dur]
10,1249,long,[long_dur]
10,1437,long,[long_dur]
10,1103,long,[short_dur]
10,1044,long,[long_dur]
10,1170,long,[short_dur]
10,783,long,[short_dur]
10,1671,long,[long_dur]
10,1043,long,[long_dur]
10,790,long,[short_dur]
10,1307,long,[long_dur]
10,1414,long,[long_dur]
10,734,long,[short_dur]
10,985,long,[short_dur]
10,1462,long,[long_dur]
10,1773,long,[short_dur]
10,1558,long,[short_dur]
10,1464,long,[long_dur]
10,1306,long,[long_dur]
10,1695,long,[short_dur]
10,1463,long,[long_dur]
10,1760,long,[short_dur]
10,1567,long,[short_dur]
10,1046,long,[long_dur]
10,1359,long,[long_dur]
10,1717,long,[long_dur]
10,1396,long,[short_dur]
10,1508,long,[short_dur]
10,1582,long,[long_dur]
10,1813,long,[long_dur]
10,1357,long,[long_dur]
10,1422,long,[short_dur]
10,1045,long,[long_dur]
10,641,long,[short_dur]
10,1903,long,[long_dur]
10,1436,long,[short_dur]
10,912,long,[long_dur]
10,1871,long,[long_dur]
10,1111,long,[short_dur]
10,860,long,[short_dur]
10,1661,long,[short_dur]
10,3155,long,[long_dur]
10,1227,long,[short_dur]
10,1410,long,[short_dur]
10,1454,long,[long_dur]
10,1344,long,[short_dur]
10,765,long,[long_dur]
10,1317,long,[long_dur]
10,1219,long,[short_dur]
10,1543,long,[short_dur]
10,1163,long,[short_dur]
10,1339,long,[long_dur]
10,2055,long,[long_dur]
10,1521,long,[short_dur]
10,1449,short,[long_dur]
10,1719,short,[short_dur]
10,1937,short,[short_dur]
10,1943,short,[short_dur]
10,2001,short,[long_dur]
10,335,short,[short_dur]
10,1800,short,[long_dur]
10,2455,short,[long_dur]
10,3751,short,[short_dur]
10,990,short,[short_dur]
10,697,short,[long_dur]
10,1852,short,[long_dur]
10,793,short,[short_dur]
10,1370,short,[short_dur]
10,1230,short,[short_dur]
10,1638,short,[short_dur]
10,1659,short,[long_dur]
10,1422,short,[long_dur]
10,2536,short,[long_dur]
10,3510,short,[short_dur]
10,1539,short,[short_dur]
10,1384,short,[short_dur]
10,4462,short,[short_dur]
10,1116,short,[long_dur]
10,1825,short,[long_dur]
10,1307,short,[long_dur]
10,3156,short,[long_dur]
10,2001,short,[long_dur]
10,1093,short,[long_dur]
10,1418,short,[short_dur]
10,1406,short,[short_dur]
10,1136,short,[long_dur]
10,1049,short,[short_dur]
10,1204,short,[long_dur]
10,1391,short,[short_dur]
10,1421,short,[long_dur]
10,1233,short,[long_dur]
10,1290,short,[long_dur]
10,1142,short,[long_dur]
10,1722,short,[short_dur]
10,2669,short,[long_dur]
10,1710,short,[short_dur]
10,1437,short,[short_dur]
10,1739,short,[short_dur]
10,1160,short,[long_dur]
10,1585,short,[long_dur]
10,1502,short,[short_dur]
10,2939,short,[short_dur]
10,319,short,[long_dur]
10,1229,short,[long_dur]
10,1201,short,[short_dur]
10,2679,short,[short_dur]
10,1231,short,[long_dur]
10,1198,short,[short_dur]
10,1166,short,[short_dur]
10,992,short,[long_dur]
10,1165,short,[long_dur]
10,1181,short,[short_dur]
10,1430,short,[short_dur]
10,1262,short,[long_dur]
